INSERT INTO ACTUATORS(ID,TYPE) VALUES(1,"Light");
INSERT INTO ACTUATOR_FIELDS(ID, FIELD, VALUE, ACTUATOR_ID) VALUES(1,"name","l1",1);
INSERT INTO ACTUATOR_FIELDS(ID, FIELD, VALUE, ACTUATOR_ID) VALUES(2,"position","comedor",1);
INSERT INTO ACTUATOR_DRIVERS(ID, TYPE, ACTUATOR_ID) VALUES(1,"FakeSwitchDriver",1);

INSERT INTO ACTUATORS(ID,TYPE) VALUES(2,"Light");
INSERT INTO ACTUATOR_FIELDS(ID, FIELD, VALUE, ACTUATOR_ID) VALUES(3,"name","l2",2);
INSERT INTO ACTUATOR_FIELDS(ID, FIELD, VALUE, ACTUATOR_ID) VALUES(4,"position","lavadero",2);
INSERT INTO ACTUATOR_DRIVERS(ID, TYPE, ACTUATOR_ID) VALUES(2,"FakeSwitchDriver",2);

INSERT INTO ACTUATORS(ID,TYPE) VALUES(3,"Light");
INSERT INTO ACTUATOR_FIELDS(ID, FIELD, VALUE, ACTUATOR_ID) VALUES(5,"name","l3",3);
INSERT INTO ACTUATOR_FIELDS(ID, FIELD, VALUE, ACTUATOR_ID) VALUES(6,"position","patio trasero",3);
INSERT INTO ACTUATOR_DRIVERS(ID, TYPE, ACTUATOR_ID) VALUES(3,"FakeSwitchDriver",3);

INSERT INTO ACTUATORS(ID,TYPE) VALUES(4,"TemporizedSwitch");
INSERT INTO ACTUATOR_FIELDS(ID, FIELD, VALUE, ACTUATOR_ID) VALUES(7,"name","riego",4);
INSERT INTO ACTUATOR_FIELDS(ID, FIELD, VALUE, ACTUATOR_ID) VALUES(8,"position","patio delantero",4);
INSERT INTO ACTUATOR_FIELDS(ID, FIELD, VALUE, ACTUATOR_ID) VALUES(9,"on_time","5",4);
INSERT INTO ACTUATOR_FIELDS(ID, FIELD, VALUE, ACTUATOR_ID) VALUES(10,"off_time","30",4);
INSERT INTO ACTUATOR_DRIVERS(ID, TYPE, ACTUATOR_ID) VALUES(4,"FakeSwitchDriver",4);

INSERT INTO SENSORS(ID,TYPE) VALUES(1,"LitSwitch");
INSERT INTO SENSOR_FIELDS(ID, FIELD, VALUE, SENSOR_ID) VALUES(1,"name","tecla1",1);
INSERT INTO SENSOR_FIELDS(ID, FIELD, VALUE, SENSOR_ID) VALUES(2,"position","comedor",1);
INSERT INTO SENSOR_DRIVERS(ID, TYPE, SENSOR_ID) VALUES(1,"LitDriver",1);
INSERT INTO SENSOR_DRIVER_FIELDS(ID, FIELD, VALUE, DRIVER_ID) VALUES(1,"host","localhost",1);
INSERT INTO SENSOR_DRIVER_FIELDS(ID, FIELD, VALUE, DRIVER_ID) VALUES(2,"port","8888",1);

INSERT INTO SENSORS(ID,TYPE) VALUES(2,"LitSwitch");
INSERT INTO SENSOR_FIELDS(ID, FIELD, VALUE, SENSOR_ID) VALUES(3,"name","tecla2",1);
INSERT INTO SENSOR_FIELDS(ID, FIELD, VALUE, SENSOR_ID) VALUES(4,"position","lavadero",1);
INSERT INTO SENSOR_DRIVERS(ID, TYPE, SENSOR_ID) VALUES(2,"LitDriver",2);
INSERT INTO SENSOR_DRIVER_FIELDS(ID, FIELD, VALUE, DRIVER_ID) VALUES(3,"host","localhost",2);
INSERT INTO SENSOR_DRIVER_FIELDS(ID, FIELD, VALUE, DRIVER_ID) VALUES(4,"port","8889",2);

INSERT INTO SENSORS(ID,TYPE) VALUES(3,"LitSwitch");
INSERT INTO SENSOR_FIELDS(ID, FIELD, VALUE, SENSOR_ID) VALUES(5,"name","tecla3",1);
INSERT INTO SENSOR_FIELDS(ID, FIELD, VALUE, SENSOR_ID) VALUES(6,"position","patio trasero",1);
INSERT INTO SENSOR_DRIVERS(ID, TYPE, SENSOR_ID) VALUES(3,"LitDriver",3);
INSERT INTO SENSOR_DRIVER_FIELDS(ID, FIELD, VALUE, DRIVER_ID) VALUES(5,"host","localhost",3);
INSERT INTO SENSOR_DRIVER_FIELDS(ID, FIELD, VALUE, DRIVER_ID) VALUES(6,"port","8890",3);

INSERT INTO TOPICS(NAME) VALUES("SWITCH_SENSOR_ON");
INSERT INTO TOPICS(NAME) VALUES("SWITCH_SENSOR_OFF");

INSERT INTO DISPACHING(TOPIC_NAME, ACTUATOR_ID, FILTER_METHOD) VALUES("SWITCH_SENSOR_ON",1,"filter_by_name,tecla1");
INSERT INTO DISPACHING(TOPIC_NAME, ACTUATOR_ID, FILTER_METHOD) VALUES("SWITCH_SENSOR_ON",2,"filter_by_name,tecla2");
INSERT INTO DISPACHING(TOPIC_NAME, ACTUATOR_ID, FILTER_METHOD) VALUES("SWITCH_SENSOR_ON",3,"filter_by_name,tecla3");
INSERT INTO DISPACHING(TOPIC_NAME, ACTUATOR_ID, FILTER_METHOD) VALUES("SWITCH_SENSOR_OFF",1,"filter_by_name,tecla1");
INSERT INTO DISPACHING(TOPIC_NAME, ACTUATOR_ID, FILTER_METHOD) VALUES("SWITCH_SENSOR_OFF",2,"filter_by_name,tecla2");
INSERT INTO DISPACHING(TOPIC_NAME, ACTUATOR_ID, FILTER_METHOD) VALUES("SWITCH_SENSOR_OFF",3,"filter_by_name,tecla3");

commit;